symbol,tradePrice
515210,1.357
177,8.9
TEC,25.0
300145,2.96
GNL,18.61
REE,13.85
NTGR,41.75
300506,4.54
3231,2463.0
136480A,2820.0
3377,392.0
058400A,1930.0
TFG,106.19
3309,6.11
6198,4.38
1691,19.84
ML,118.55
ECX,2.05
000717,4.43
2918,1691.0
EAST,14.55
CNC,3.48
AHT,3.75
MISC,6.75
603719,64.95
AGS,46.56
F&N,29.9
002638,1.61
300232,8.8
6715,128.5
TUB,78.4
DGII,23.27
2038,18.85
EXR,0.2
1168,0.44
PEN,20.6
PAG,4.588
002651,11.69
BCC,46.34
SMMV,36.44
IVV,388.94
AVCT,7.3
300716,7.29
INS,42.72
00703,27.68
EDEN,47.07
BARI11,113.49
2204,48.55
00683L,16.52
300204,8.08
8511,606.0
NNG,8.0
300294,27.72
CEN,10.57
CRC,33.0
300383,19.58
TA,11.62
2474,195.0
HPQ,27.38
HBB,17.83
KRONO,0.84
1931,2.28
300385,6.85
1911,2013.0
002227,13.78
KGH,203.4
000901,8.34
000596,241.54
FND,98.17
PGX,14.66
2696,38.1
ATS,3.92
ROG,184.58
1383,0.77
1537,143.5
2313,44.05
300414,9.38
1836,9.21
FBK,14.875
007610A,3420.0
002547,4.05
UBSI,37.64
CASS,42.69
2005,4.29
BYND,149.42
ADES,5.96
000004,18.93
ET,13.53
002022,15.72
002493,35.53
DJCO,346.3
2763,1458.0
002179,67.8
HCLTECH,916.0
FIXD,53.66
300177,9.57
002304,198.5
DMSAS,7.88
000090,6.01
PZC,2.51
GRNH,0.04
TOA,6.5
2890,11.8
NEX,4.86
300055,5.9
002011,3.85
002231,4.48
064510A,1465.0
GLTR,97.53
EPP,9.25
LE,29.62
2360,214.0
SUP,1.8
000600,4.91
1501,38.2
1599,2.08
ESI,17.88
000028,39.1
SIFY,3.35
HEFA,31.9
603605,175.75
BOOM,3.975
TDG,604.3
300586,7.79
000719,7.17
300049,7.59
6224,124.0
002362,21.07
CAG,1.56
1858,19.84
RL,0.615
2362,1.42
002137,5.84
PRN,1.18
6996,1117.0
2820,2065.0
1COV,60.94
7177,953.0
GSBD,17.9
SMAL11,132.99
908,2.95
2227,257.5
HIBISCS,0.705
1268,27.7
4571,123.5
2462,28.8
BGS,31.56
ECV,17.8
BAIGABUA,112.5
300483,32.82
MCB,0.814
WHR,192.81
002531,7.93
DOG,37.81
2889,13.7
512,6.17
NVPT.L,13.78
004000A,52700.0
SNDL,1.26
IVH,13.29
CASH,44.71
MSM,85.53
159982,1.397
AOT,1.18
2342,2.42
300102,5.82
002765,4.74
1938,2414.0
EPRO B,45.74
000793,2.21
ORCL,64.5
ORHD,5.23
MAALT,220.5
116,10.3
300119,25.5
300317,6.13
EMRI,5.98
000628,9.19
074600A,19700.0
DIA,158.2
2908,1991.0
GAM,38.56
2128,14.46
NOR,135.5
002404,6.19
8462,675.0
2014,16.5
002724,6.87
002537,5.93
2270,2211.0
ROKU,415.87
2441,71.2
SMSI,6.99
BBUS,1.42
600879,7.16
002641,6.44
1734,31.4
1833,116.8
FLR,19.46
3998,3.36
1310,10.86
000861,2.22
2726,1644.0
1675,12.52
DCP,22.7
VOC,2.95
002182,12.43
002235,3.81
300054,19.28
002467,5.8
1515,6.57
002007,44.6
SIVR,26.75
002539,10.09
002830,9.11
002151,44.71
RMI,31.4
002164,8.53
300318,9.31
097520A,54100.0
RRC,10.43
2910,1538.0
SL,20.7
SIG,0.655
2020,20.05
6118,5.19
PAGS,58.05
002422,21.88
000538,138.0
SRBANK,99.6
6706,2870.0
ALHYG,0.258
065660A,60500.0
ING,181.6
2601,9.97
DNP,10.62
3686,322.0
LH,247.15
823,72.5
300514,9.96
064550A,16100.0
046390A,3740.0
SOYB,21.09
ATEC,22.4
HUM,0.22
002663,1.73
REG,55.22
300443,37.08
TKO,24.8
002310A,45300.0
IIN,21.81
LIT,0.145
ADUS,115.09
MHI,12.03
IHL,0.22
SFOR,4.4
DLRTRAC 15,20.02
300002,4.55
CARLSBG,23.3
002271,47.3
PSL,91.185
ISPY,17.0775
SENS,1.488
CORP,106.82
7047,679.0
300566,43.48
300389,8.08
ICAD,59.65
2425,785.0
002499,6.66
000806,1.7
600802,7.76
PTNQ,52.6377
DAN,23.32
000572,3.01
AIT,20.1
002100,12.81
2885,21.6
000045,7.28
TEN,10.7
RUL,1.145
BARN,1997.0
HASI,56.99
PURA,0.032
SCI,53700.0
HMSP,1350.0
1456,4330.0
DWSH,9.79
ZION,54.17
4564,130.0
HLT,0.99
002114,7.0
002740,4.74
HONE,11.95
PANL,2.98
RCH,2.3
1830,4.96
012200A,4560.0
PRSR,0.88
159987,1.681
300617,41.21
002329,3.98
6158,1092.0
515330,1.402
PRGO,42.5
4848,1981.0
LSE,95.8
9921,287.0
068050A,5200.0
014130A,6110.0
ASC,46.45
151,5.79
NLMK,28.48
MYPK3,12.85
5208,977.0
300830,10.69
THULE,345.0
002261,6.94
600890,3.5
AIF,14.64
AVA,38.82
EWX,55.45
WRE,23.43
002256,1.45
CTK,63.83
BIMBOA,38.03
300082,12.38
002331,12.9
B,53.89
4934,27.05
WOW,39.5
ELF,25.38
MELI,1775.79
002064,15.73
2437,474.0
UONEK,1.64
WMH,2.711
3315,103.0
8163,876.0
PEO,65.6
ACA,11.66
NSPR,0.94
BLE,15.149
LRE,4.785
159810,1.181
300265,9.16
7705,2366.0
1515,5940.0
2108,63.2
2562,2716.0
300162,5.55
300546,13.55
ARW,2.715
ANTARCHILE,8400.0
002357,4.66
2899,12.46
000038,10.05
002106,10.97
002747,30.77
1414,4615.0
600570,93.2
002445,1.84
ENELCHILE,53.41
BOCH,10.4
600397,2.47
BAKAB,25.24
000970A,8470.0
1349,4.82
000667,1.85
EQAL,42.01
IGM,34.68
2107,24.1
EG,0.86
GAM,2.348
600594,5.21
1217,8.74
GOCO,1.144
SVI,3.69
000150,2.29
124560A,4845.0
131400A,4630.0
SIG,49.4
115390A,14100.0
1414,13.05
3932,4355.0
1987,2.93
USIG,60.07
002338,16.33
CRL,16.7
002579,12.41
6698,44.15
4092,3215.0
FDEV,25.75
002250,24.06
200,16.28
CIR,34.25
CIE,22.24
600711,8.92
KOF,43.96
BFIT,34.8
THRM,72.3
LEG,114.24
300457,21.02
2301,1417.0
LSXMA,44.12
1718,9.6
002403,7.5
002849,11.21
2337,45.65
D,72.04
KNRI11,157.82
601882,12.38
002091,6.44
300020,7.94
STG,114.3
2922,2023.0
4078,1957.0
002749,11.15
002252,7.69
1951,2729.0
6196,116.5
CGC,0.201
300369,12.91
600082,2.86
ADS,91.18
ADM,57.02
CSU,1704.54
1610,5.35
NHC,1.265
600684,2.85
1908,12.54
1099,18.12
2369,15.75
EFR,6.84
3661,881.0
FN,88.12
297,1.25
1945,902.0
2328,5.93
SPT,2.38
000637,3.81
SRS,0.676
EKI,6.69
000400,14.03
RCM,27.96
300419,6.67
ALADO,0.398
000560,3.93
SISB,8.45
SNG,6.1
MTRX,13.72
RJF,5.98
CPS,27.4
1205,0.395
002705,45.79
PADV,41.05
3836,3.3
539957,1135.15
HEIA,85.82
9424,273.0
300027,4.04
DTC,26.42
EML,25.54
JDG,59.0
VEIL,6.03
300665,10.12
3900,10.14
1365,25760.0
TMDX,36.82
DNP,247.4
300640,6.7
SMDS,3.84
2228,77.5
002875,8.12
002714,121.93
002709,85.08
002865,20.19
002354,2.66
3453,268000.0
AIA,7.3
IDGYO,11.07
ORI,15.03
KEX,64.45
6185,354.2
WMS,108.92
SCHO,51.36
VOW,172.62
VER,38.33
2425,28.5
2819,2621.0
1714,9.46
1762,58.9
119,2.36
1805,15.7
1330,30600.0
SZNE,33.8002
DBD,15.24
BNR,64.96
002859,29.0
002165,5.78
EDV,132.01
1364,17530.0
300058,6.39
300371,12.58
VB,213.91
MHH,1.41
LUN,14.9
MT,19.85
002719,7.92
PNV,2.42
DIVIO B,3.14
600127,9.11
GLUC,5.05
ASHR,16.61
00678,28.71
00669R,8.95
000778,3.8
CIG,136.17
XBIO,2.76
300157,3.75
1782,8960.0
000980,2.46
ICHR,43.8
002668,6.02
002187,7.95
TFI,7.125
PPC,8.585
RUBY,11.34
VAC,164.69
300521,17.53
ATT,5.25
002291,16.8
FEMSAUBD,142.48
BGS,2.39
300264,3.45
2303,54.7
1321,34.4
4396,1409.0
600643,6.95
200539,2.55
PATK,81.69
159948,3.18
SATS,23.1
ANNJOO,2.26
Y,626.1
2401,25.45
1871,676.0
300470,47.4
2356,25.0
AVISA,18.23
DEA,1.266
3983,1.89
175,25.9
1582,83.5
SGC,0.9425
VB,13.67
2547,11.4
XDEW,71.095
AVL,0.022
002863,5.11
002981,24.43
002694,2.26
7408,903.0
300456,21.45
3808,25.4
NUEM,36.46
002296,6.22
GUD,12.21
002887,11.8
CALA,2.96
FMNB,14.3
4922,18350.0
1802,921.0
1899,5030.0
ATGL,500.15
2344,30.7
1357,3.07
IESU,3.1265
41,29.45
300477,4.88
002675,21.57
159977,3.034
MTX,207.1
002059,5.37
300430,7.63
2412,2745.0
IGD,5.46
BJTOTO,2.14
EAT,70.85
1083,3.45
FPILIM,210.5
300331,23.5
GRN,2.56
300352,4.69
595,0.132
PZA,9.72
SNDE,2.76
EIRL,51.94
002533,5.1
GENM,2.86
XACT BULL 2,1128.0
PLAT,3.965
300815,87.04
CONNECT,0.235
MAV,0.194
185,0.41
JLG,3.034
LR,72.5
ENELAM,109.35
601918,3.01
GOCO,14.34
NVEE,104.32
MVO,4.26
300268,10.32
CO,4.38
MINETEC,0.19
RCL,90.05
1702,46.25
WHA,3.18
1928,37.45
300558,121.0
TNK,2.14
075970A,3075.0
W,262.9
RMD,200.09
300575,36.6
000739,24.95
SCYX,8.26
3149,28.6
221840A,5040.0
TECN,389.0
300015,74.79
049080A,2245.0
FLXN,11.4
,3117.5
WBT,15.36
ECL,1.2
300326,11.33
2127,5840.0
3199,1217.0
YGG,20.3
1448,7.74
1003,2.44
8363,2778.0
3913,999.0
002451,5.96
POS,0.895
002069,3.55
LGHL,3.51
1238,5.21
1263,3.64
000509,2.56
6078,61.8
CLH,3.53
2388,25.1
VDCA,54.21
002341,3.48
002746,10.65
ANOD.B,236.5
002669,15.16
300481,22.55
ORI,6.85
VOLARA,31.87
020710A,5440.0
TCAP,2.352
NLTX,12.27
002920,93.47
NEO,16.28
002487,8.75
000982,1.22
NFG,45.83
AWC,4.8
MARA,28.56
002265,6.45
ARR,11.83
159983,1.495
9904,30.35
300505,17.54
300576,44.87
WDAY,261.73
ARW,100.75
REVG,12.58
002772,8.7
002993,51.05
000651,57.28
6188,439.0
UBA,8.55
2154,1422.0
BKU,41.65
BON,227.5
8125,998.0
2399,4.22
3006,92.1
000859,5.08
AC,25.2
099520A,2240.0
MTX,72.01
MUB,20.97
3109,1019.0
603012,5.98
159963,1.044
002725,7.12
2175,3520.0
1460,8.19
SCPL,19.44
DSM,7.66
600674,10.48
2820,14.95
KARN,197.4
MAYBANK,7.89
300059,32.65
300579,36.17
002618,4.92
3341,1596.0
VOT,221.03
BBGI,1.732
159903,1.688
000428,2.99
300632,13.9
BVS,21300.0
7222,804.0
CE,136.96
2634,28.35
002645,11.04
CLTN,108.0
FIBI,98.1
1540,5900.0
002927,10.54
EIM,296.0
EGL,1.74
YNGN,14.5
3679,415.0
2329,0.73
EWC,33.06
002454,5.55
BKT,6.11
300447,12.41
LUXIND,1790.15
000996,9.97
SFOR,0.1901
603416,86.1
9966,712.0
002941,10.7
DOB,10.24
1995,20.2
MRO,1.763
RYAM,8.72
TPZ,11.84
RNT,0.235
2820,126.95
AIF,3.165
4722,31.4
9939,62.2
002320,8.24
AGI,9.47
205470A,5650.0
MSGS,194.25
INTO,21.6
002017,10.36
TOP,292.4
6993,31.0
3296,399500.0
ALK,0.715
603703,12.66
300152,3.86
ABC,15.99
CNC,59.3
2105,44.4
3658,2239.0
002985,159.93
072020A,16250.0
300633,24.27
000903,3.55
ABIO,4.68
MYD,13.96
KAN,17.852
861,5.78
ACP,11.04
PROS,12.71
2292,3410.0
EPR,46.51
VOD,124.41
1801,82.05
HUT,4900.0
300512,10.97
2100,2.18
002074,41.04
6005,5750.0
002213,12.21
300467,13.22
2611,10.2
CRL,282.98
2458,183.5
002077,5.46
6997,1818.0
6703,1041.0
300297,4.77
FM,2.91
FPXI,73.4
NYF,57.86
CVBI11,108.0
000525,6.07
QQQX,26.83
SYNC,2.16
TAR,22400.0
ULICORP,1.25
002636,7.79
U,0.81
300144,19.75
IYF,72.62
SWN,4.14
2660,1.34
1570,33600.0
KRYS,76.56
FPE,46.18
COL,8.215
CBNK,16.08
000008,2.38
RGA,124.8
017800A,43650.0
002970,51.57
CSWC,21.97
OMF,48.9
WM,0.66
ANSS,375.56
2782,3530.0
DMP,94.27
DIV,18.65
137950A,6270.0
771,1.7
000703,18.83
EURL,28.39
BILI A,104.5
002460,109.75
208370A,2335.0
045340A,18450.0
002021,1.72
1308,20.45
1429,618.0
CAI,0.42
NLFSK,145.4
SAMCHEM,1.47
000830,17.23
POW,0.0244
300499,8.9
1799,20.55
LQDA,3.13
6918,3610.0
300263,6.51
DGKLB,2.46
8103,466.0
SYN,0.7042
PD,47.91
300128,3.84
CON,120.5
300416,23.86
EPS,19.45
TIG,8400.0
159811,1.129
CPX,34.94
1329,30650.0
1585,16.76
500290,87714.35
GEM,1.06
5GD,0.805
IIFL,271.4
2288,1696.0
RODRG,23.5
204840A,1220.0
002395,13.44
PAR,2.59
6257,51.3
WOOD,85.39
RS,25.25
002682,3.22
PDN,0.375
000725,6.32
JM,291.9
PPH,68.05
MUB,116.08
REX,0.23
2607,17.05
SLY,91.77
2009,33.8
SAE,27.3
2815,6760.0
UBI,67.96
036090A,1890.0
BBCA,28.72
ASPIRE,58.2
1950,1914.0
CAPC,1.48
WDIV,64.4213
168105,1.834
000425,6.84
8789,75.0
1070,6.55
200581,15.05
603816,76.22
ONE,421.6
LPCN,1.63
TAO,0.685
LEAF,0.41
FXA,78.79
6962,2591.0
COR,11.12
HWK,0.043
SSO,249.4
EDR,8.29
2617,20.0
6049,1132.0
SIS,19.0
8309,3591.0
G13,0.845
MBB,127.5
002945,12.63
STZ,222.38
000788,6.12
ABBN,26.78
ITP,23.24
DOC,2.65
079980A,8170.0
HOT,77.6
002967,36.95
MNP,15.0
UTG,31.8
300405,7.33
300411,7.75
300482,76.83
300166,9.73
FCNCA,783.71
2433,1776.0
000672,22.14
1038,43.35
NXT,11.18
PRKAB,13.44
002274,7.3
BLFS,39.49
TL5,4.658
300615,11.57
515060,0.952
NCZ,0.18
002898,8.45
1348,1965.0
REX,96.4
2426,21.2
GMXT *,27.98
600687,0.3
002742,5.06
AIM,4.44
MKTY,8.25
1367,17620.0
SRFCHA,35.47
2008,1.09
226400A,3760.0
UDCD,1.481
1801,3780.0
000736,6.47
IBMN,27.97
BJKAS,3.87
BWB,14.95
ALG,0.63
002108,4.3
3036,44.3
002969,5.02
300017,6.7
1866,4.12
IVC,9.14
BME,45.94
2124,1681.0
1766,8410.0
SU,123.6
300138,15.84
DCTH,19.24
CS,3.94
DG,87.9
603989,26.6
VRT,6.21
300537,13.21
600268,6.06
002614,13.89
2767,601.0
HFG,65.05
9969,283.0
THD,80.23
002990A,8970.0
2355,34.25
002132,3.13
STAY,15.94
QH,2.34
MDWD,5.25
APPS,8.77
300172,5.31
3788,1.33
APWC,5.32
300530,18.54
REE,0.12
002543,8.09
HEEM,33.53
2150,4005.0
1888,1261.0
ORK,80.34
2400,74.4
002269,1.31
002901,54.4
2444,14.95
ALLDL,55.6
ARV,1.77
000002,29.99
002180,28.01
2283,2.99
HIGHTEC,1.96
002025,52.64
MRC,8.48
002401,12.64
EVFM,4.09
FP,1.565
LL,25.8
MXC,0.087
3024,10.95
00850,32.59
NEX,4.15
WTWB,26.4
4569,1920.0
002090,7.57
MIDD,20.29
SC,26.05
300455,9.48
SQIA3,22.99
1321,30600.0
089030A,21900.0
002336,3.94
SALM,590.0
300288,9.41
MRSHL,320.5
FL,0.97
002761,7.85
XIN,28.13
FF,0.41
017670A,243500.0
KTCC,7.72
1231,46.2
SI,129.8
2493,34.85
078590A,4395.0
000733,57.4
1813,1812.0
036690A,5950.0
2637,27.1
3799,700.0
ARX,1.22
2727,3.07
002410,70.46
2196,430.0
3396,1358.0
002480,4.84
STX,72.21
BCVN,97.1
GEM,40.9
SRACU,21.11
6820,2.38
TYM,0.00535
1086,1.16
1306,1980.0
000691,5.15
159958,1.75
SOL,327.0
1542,9000.0
8103,3.17
000796,10.26
BNR,36.69
002277,3.37
002245,10.68
2419,23.45
2432,2221.0
3033,19.4
RUSHA,38.88
000617,6.58
000301,15.13
SOI,2.755
ITAUCORP,2.571
1655,2915.0
AN,0.2
000612,8.17
GPM,0.48
8059,4080.0
6367,21230.0
000776,16.29
1317,2.13
UCTT,46.59
3970,3225.0
002056,14.41
AGR,45.23
2545,36.7
DNL,79.7144
2382,197.4
FSR,50.67
GNMA,50.57
9945,1897.0
4746,4170.0
CROX,80.01
2427,1521.0
002133,2.86
601669,3.89
SEAG,109.99
300004,5.86
002129,26.86
300345,4.86
GDXJ,42.48
3328,2415.0
TLMAN,33.2
1911,25.95
FR,43.0
TDOC,256.0
CBOE,97.51
DTE,125.62
STRONG,32.2
000529,6.35
4062,4455.0
300515,9.31
600742,9.49
DORM,102.05
WINA,177.97
MMM,176.17
IAA,61.02
ONTEX,8.595
LNF,20.73
4568,3173.0
603867,24.81
PRPL,37.05
VFC,79.72
CERV,6.9
3300,0.83
XEC,57.02
086960A,14850.0
300226,53.68
8462,163.0
1829,3.56
ATO,89.63
300299,6.28
2812,25.74
002483,4.7
002241,33.8
300126,6.61
1909,23.75
002048,17.54
2722,0.66
000972,1.69
3969,3.12
BRG,28.9
BLX,1.79
603088,7.0
FPAY,2.99
LOV,15.37
064760A,159800.0
002732,20.38
1741,1.64
DCC,0.092
002809,10.13
DM,0.305
CGO,92.64
002441,7.47
144,11.34
FRGI,15.69
002449,8.57
002423,8.88
CNA,0.535
1521,5.35
002309,4.52
002498,3.65
IPL,17.78
016360A,37350.0
TCS,50.9
7625,232.0
002960A,243000.0
GQRE,59.7552
MTH,73.55
AGRO,1415.0
2385,90.9
IOO,82.03
VCLT,103.38
2382,85.5
006390A,38250.0
688036,185.3
SYB3,52.24
2020,127.6
9201,2503.0
8341,220.0
1201,20.65
005960A,12050.0
3673,505.0
067010A,5180.0
GSBC,52.6
002047,3.17
2GB,89.2
ATE,86.8
300309,2.59
UBA,16.69
9928,2152.0
002246,6.73
AIP,43.3
UNI,4.41
2386,4.16
AMS,60.0
IBHB,24.29
1250,0.113
CLW,4.68
1907,26.65
TFG,10.15
4745,670.0
EML,0.064
6855,1789.0
205500A,2170.0
LDP,25.19
GNRS,1.059
300241,6.23
2109,1902.0
000856,6.45
1431,0.85
TSG,6.61
002471,2.36
6849,2929.0
002825,14.65
002087,3.58
2238,7.44
320000A,2805.0
4998,1610.0
300175,4.4
K,59.28
002393,18.11
ADN,18.01
JT,2.79
WFT,83.81
SHG,0.142
EAST,1.91
002979,44.29
GENM,0.92
002656,1.5
ZRE,22.04
IPF,0.825
002431,3.12
FM,30.67
MOH,11.3
AI,2.38
002631,6.0
2613,3795.0
6823,2874.0
2834,9.59
G,15.565
EWI,30.29
KSM.F96,98.49
MRO,11.16
000720,3.72
3026,120.5
002562,5.17
1339,2.45
CVX,99.63
595,0.64
208,1.46
4284,1009.0
002442,5.13
FFXD.F,12.14
002995,47.11
GNE,7.73
SML,0.00498
MOGO,8.94
300107,5.58
SNPE,33.94
NFH,10.98
2342,645.0
4528,3020.0
BIO,2.135
EWI,3.83
002621,5.1
TWI,8.51
QEMM,69.1347
WELL,70.6
ZEN,149.56
MUS,34.72
NPK,108.42
002912,48.85
002839,5.79
000523,2.61
KGH,3.9
603901,10.11
6677,1326.0
ESCERAM,0.79
IPL,2.55
1398,5.17
RMS,0.0156
FDM,56.9321
2613,17.85
EVN,13.18
VEA,1.76
ROBO,21.82
2931,956.0
YUMC,60.12
002134,8.39
220,9.14
039840A,34950.0
ALMAK,0.276
002589,4.76
PLIN,1.26
300440,7.21
000937,3.52
SCU,0.029
EAH,0.035
EMQQ,17.326
GMEXICOB,108.29
MIC,43.3
002050,24.26
300242,4.38
BEST,162.0
EVT,11.2
AVT,0.414
STC,51.82
5269,414.0
002388,4.92
TBCG,11.0
FINEORG,2325.1
BMN,0.17875
00676R,3.86
2418,357.0
041930A,12550.0
002504,1.98
300630,48.68
002107,7.89
002140,6.71
1084,1.17
GBT,48.03
2927,974.0
MARK,1110.0
000988,21.89
300105,3.9
1809,11.6
ADV,9.25
ARDX,6.88
7086,1588.0
159925,2.54
1678,192.0
CSSMI,111.5
000932,5.72
005720A,4650.0
IRWD,9.48
300571,33.02
002416,9.22
8252,2117.0
1513,50.4
MSE,35.99
000905,6.67
VFV,86.81
000723,7.57
160726,1.414
ICON,0.12
7537,520.0
BCHN,329.5
002853,23.98
VICR,92.01
NK,32.38
159980,1.312
3003,1228.0
002232,11.44
STAG,31.74
DSM,138.0
CFMS,1.08
AGRO,12.05
PJW,2.36
000009,10.27
500285,83.8
1323,0.8
002976,24.8
ZSL,5.57
STHR,3.4
1530,8.29
008730A,22950.0
PBH,41.48
6918,1.68
2330,625.0
6819,6.52
5981,1432.0
CWT,3.36
SCC,5.682
300043,3.26
1546,32350.0
000507,5.29
300425,4.42
BOSS,120.0
4968,568.0
3296,22.05
000021,21.39
ECN,187.74
TCS,54.03
1565,1.71
600103,2.12
ASM,5.22
002877,6.6
EVLI,16.4
000880,9.76
002601,42.93
000601,5.8
002384,22.29
2060,3.32
3046,7450.0
002446,5.8
300365,9.0
TSPOR,2.4
SHG,1.66
AMD,84.74
KRP,9.8
510100,1.464
DOM,3.925
002848,9.59
688196,58.87
159975,0.758
MTV,1.32
000069,8.13
1721,3265.0
1050,1.45
300084,3.9
002033,7.05
ADEB,126.3
1876,27.2
300582,18.19
ESNT,3.026
6191,26.65
095910A,6050.0
300019,17.26
IGC,1.83
512070,2.505
300259,4.43
GTX,6.4
5288,526.0
002780,18.63
ONE,3.66
2423,24.0
2730,1069.0
000967,8.65
9768,1709.0
002662,3.23
LBTYA,25.28
UNA,44.575
ECL,211.16
BFEB,28.37
002414,39.27
002629,2.04
IXJ,95.62
002148,4.03
050960A,37450.0
6049,51.15
2897,8290.0
8697,2310.0
VII,8.68
UNVR,6850.0
1045,2.29
002302,8.8
EXXT,105.76
2269,102.2
300568,27.05
IEC,12.34
RPF,21.64
LMRK,12.4
002429,6.19
DG,195.18
ESSA,224.0
FPH,29.5
BCD,27.9
000652,4.13
051600A,27050.0
JKG,245.7036
300495,5.56
SCIB,1.78
1266,0.38
1803,817.0
BDX,319.0
QRI,1.6
002597,45.28
BN4,5.03
SQQQ,13.63
000568,247.01
LRE,6.18
CRVL,102.32
AMA,5.35
3653,1576.0
300124,89.85
ARD,24.0
603916,29.97
CMCO,49.02
300151,29.78
002051,6.65
2707,154.0
1587,26.0
1,59.1
EVK,28.4
000897,2.29
300400,11.75
382,8.49
002878,18.16
HMED,161.7
WGO,0.23
NTRR,0.00725
CSL,267.96
3681,3.95
SAN,2.9625
EBLU,41.0291
1833,2696.0
6820,2710.0
ENS,91.31
7647,34.0
159985,1.317
300032,5.68
3030,693.0
300125,14.8
2489,919.0
SQ,1.93
ORLY,453.97
002082,11.55
BAT,13.5
300066,4.58
VBK,286.68
002986,33.53
AAL,0.349
300437,8.01
ALCAR,430.0
002688,6.0
300625,15.3
688077,43.3
4927,2471.0
000919,6.04
6165,574.0
002356,1.31
002215,5.75
1696,6.08
MOTILALOFS,610.8
IGLB,68.17
6368,5850.0
DIGA.F,0.0175
300611,9.15
SFL,7.83
1925,3128.0
6752,1424.5
ADI,157.7
PSI,9.2
LEG,43.37
URGN,21.48
PFC,124.4
002206,5.21
002633,6.25
4540,59.9
130740A,4960.0
WOR,67.03
000998,19.03
002105,7.64
002028,25.4
FIF,11.4
BSL,16.85
GDXJ,49.34
300564,24.79
500339,166.9
CAN,0.625
GAPW.B,55.0
SRC,43.57
6666,1386.0
002150,5.78
FOUR,81.25
KORU,43.35
002209,5.96
8016,175.0
000952,7.33
GCI,1.97
300191,19.33
300847,20.66
300112,8.59
300368,13.93
227840A,12500.0
9052,2025.0
002879,13.47
002330,5.99
002960,40.5
CCL,26.46
000900,4.25
3320,4.71
CLG,5.37
SIKA,248.5
7895,577.0
600885,54.28
KIN,42.0
2979,133500.0
300439,17.8
6531,707.0
6430,951.0
MVNE,7.8
095500A,3760.0
AKHI,2.55
DIC,1.44
2823,21.24
000656,7.24
AFT,44.0
SSP,16.2
000700,5.18
000852,4.32
GENTERA,8.11
242040A,2930.0
ROBO,6.99
3708,4660.0
224060A,409.0
PIE,25.58
NETE,11.68
1862,2.31
AAL,28.415
BBGI,2.6
000727,2.71
SIL,45.32
300366,7.66
ISO,2.87
ABC,3.3
CRBN,49.0
LIVX,4.14
3645,53.2
000962,8.37
APAM,35.05
000877,15.73
002322,10.51
002608,6.41
500124,4441.5
281,0.6
052420A,4065.0
PBUS,39.7024
INIX,0.305
CARE,11.88
2399,17.5
MTRE3,13.28
300581,38.73
002217,3.5
1345,2011.0
5358,667.0
300536,14.36
002345,4.31
002561,6.83
GCP,1.04
1736,89.5
GULFNAV,0.345
SND,2.98
GCP,25.12
AHT,40.57
MN,1.6
1753,3.1
XLB,24.84
VDHG,57.57
2269,6990.0
CAS,16.07
GURE,4.8
002238,6.02
III,7.1
GRUMAB,225.09
YESIL,179.1
VEA,49.37
1121,3.9
1717,35.0
066620A,20050.0
DC.,1.2
3990,1782.0
3900,1936.0
086820A,26100.0
EIM,13.08
UFO,0.01075
1431,1825.0
SAFE,82.62
E28,1.24
SDHY,91.94
002889,24.05
T,25.78
002349,4.36
2201,41.4
TERRNT.B,2.76
PAG,66.29
207,0.5
SG,22.45
MEG,6.62
179,23.4
000540A,3900.0
300076,4.58
002838,22.88
MFT,14.32
1417,1702.0
002771,10.26
EPR,49.5
002851,33.15
002352,103.81
00731,50.75
000993,5.95
FRE,10.55
000501,11.29
000701,4.7
300492,51.0
4346,1073.0
238200A,19950.0
ONEX,70.5
218150A,4450.0
300214,8.27
00733,29.25
2809,38.8
ALTA,36.46
2875,4585.0
IRR,3.04
USD,12.14
1379,2100.0
TEP,12.3
MUI,14.7
1052,5.37
UIMM,104.74
300551,25.86
GSF,81.95
300663,18.83
002481,12.92
ZEO,0.074
2484,24.2
000728,8.07
4574,1298.0
1357,415.0
CLDX,27.71
300180,6.23
002461,10.21
002872,4.19
300091,3.78
002259,3.62
206650A,17700.0
MTRN,52.29
2120,425.0
2826,136.4
XACT BULL,547.8
1959,3425.0
4722,1809.0
2535,26.25
MDC,2.94
MCOV.B,194.6
300637,8.48
ALK,66.52
058850A,2755.0
300068,12.11
2032,14.7
ESPO,75.1
002316,3.25
AMP,1.375
2708,4.58
9997,11.72
C,66.74
KTKBANK,70.75
RMS,1.33
AQUA,24.57
002685,4.06
002726,11.49
TM,63.5
4956,21.45
300286,13.34
CNTT.Q,0.71
TEP,274.0
002801,35.18
300415,16.25
2028,24.75
BCP,28.5
8804,1580.0
BWG,12.51
300236,43.3
BOUVET,680.0
RLE,0.083
GHC,4.7
002199,6.06
PFBI,15.47
NAS,38.85
600312,6.52
002102,1.75
047560A,9010.0
A,122.42
CTT,2.52
1822,3685.0
600662,8.3
8011,22.4
GBR,5.75
FF,15.17
1609,8.2
AR,2.27
300080,4.74
BSL,1.05
SNAP,70.45
IMKTA,51.37
T,29.18
FOXT,0.626
MORN,229.03
DIG,116.53
VGIT,68.45
300466,5.33
IDRA,4.3
ULKER,20.52
002458,10.78
190,7.6
GOVT,26.615
VOE,33.09
601016,3.6
RSG,88.96
SPNE,19.27
FAT,8.04
039010A,9330.0
1757,79.0
002845,25.96
IRE,9.18
002957,19.08
3902,2067.0
123,1.67
9983,6.86
EBS,27.73
7746,200.0
272210A,19150.0
SPVIGAKL,129.2
EML,4.98
002850,72.3
300627,22.19
ORE,4.92
VSMV,34.3606
002121,3.9
AJ,19.2
2020,68.4
RC,13.1
002196,7.18
002792,16.43
600657,3.88
002001,41.94
IYW,88.72
002815,12.79
603118,9.25
2315,56.0
GBF,122.005
6055,17.98
GDI,42.75
1712,836.0
6277,88.9
ADE,50.0
3969,2206.0
6541,54.3
000999,26.3
RXL,15.68
1302,4.09
ALBO,36.78
VGM,12.87
2379,3065.0
000563,3.4
134790A,61500.0
FIRE,850.0
1840,173.0
2488,792.0
MRGYO,2.89
300540,17.3
300498,18.2
JMBS,53.37
27,74.9
XGRO,23.98
300235,11.38
MHH,16.2
BN,57.96
NDA,73.02
FAS,82.18
6505,100.5
056080A,4750.0
2349,10.45
002959,84.39
004020A,39850.0
FMF,2.61
3690,1305.0
294140A,8560.0
6473,1139.0
002301,11.42
300623,41.22
300306,8.71
000990,13.01
SPYD,37.51
ERF,6.45
002819,34.65
000555,14.19
300316,38.35
2915,73.8
2752,1322.0
300367,3.18
IMPC,1495.0
PLUS,89.64
2010,13.7
300192,15.36
002658,5.35
531162,468.9
002214,25.7
SQZ,1.194
BDRILL,10.72
2053,1406.0
ALPHA,0.7718
CSTE,13.17
300767,78.64
PNN,0.42
1615,146.0
VALN,202.0
HOFV,2.31
SHB,6.52
BG,42.96
RSX,25.18
7476,13790.0
002162,4.21
PIE,3.12
002753,8.23
159969,1.759
002695,22.49
DKIMOB,103.05
002820,10.32
LUPE,273.5
012860A,2600.0
TCS,15.4
MILN,40.92
2163,13.3
GPI,0.0194
300001,30.09
300087,31.52
1373,2.79
DEVA,29.98
1434,605.0
603232,19.65
9325,942.0
002351,15.9
ABX,25.35
002444,34.42
ML,3.17
000886,4.66
LAND,18.08
FLT,1.88
002785,19.11
SCPA,2.16
UPRO,84.62
FAS,4.255
2380,8.41
1865,0.9
MG,7.73
DISCA,52.95
002044,16.63
LOWC,119.02
LYKO.A,282.0
010130A,415500.0
AB,15.62
000687,1.71
064260A,7720.0
000858,293.08
1387,2.41
2174,770.0
002383,5.85
STC,4.2
1808,1360.0
300075,10.14
300303,5.29
CAP,10399.0
002971,18.68
IFN,20.98
300407,6.9
BOL,8.45
VUS,74.92
300099,6.96
1963,4.97
AVV,35.06
300283,5.52
EVM,11.37
IAT,55.9
SPIE,18.69
300012,26.73
300201,2.89
1873,330.0
1343,2122.0
2502,4684.0
MAP,1.553
IFRA,32.35
SLF,62.59
CAR,19.11
000607,3.88
INF,0.175
NI,22.61
002228,3.91
002128,9.77
NEXI,15.11
002112,7.0
BHAT,615.0
COTN,216.5
347890A,21800.0
BRAIN,10.24
002928,16.5
ENTEL,4910.0
002613,3.34
CHE.UN,7.19
2007,9.21
TCAP,32.25
300247,2.93
000537,5.72
AGI,1.0
6317,1489.0
169106,1.066
SGC,22.83
000031,4.12
ISGSY,24.5
1H3,0.164
RCII,54.17
USEG,4.9
002513,3.92
CANE,7.66
BDSI,4.225
XGSG,28.455
065950A,4420.0
300064,3.02
2531,1515.0
RCON,2.28
002110,6.71
000930,9.3
4930,19.6
ADI,2.91
150840A,2135.0
HHFA,20.85
EQT,17.65
ZMICO,2.22
SLDB,9.74
AGL,5.455
AMG,143.23
EDF,10.06
000890,4.3
2281,3270.0
1112,31.55
CDC,58.1473
002796,11.83
200869,14.65
FDM,9.7
UNVR,21.5
ACR,8.22
JMT,40.5
LIVEPOL1,64.81
000158,5.63
600368,3.43
ALSO3,25.11
000615,12.35
GENC,13.96
1622,2.75
000933,9.09
ALX,273.97
098660A,2550.0
PCVX,24.12
000587,1.38
WSP,4.05
000100,8.7
FPI,2.67
2241,59.9
2784,2128.0
CUF.UN,8.74
DOW,62.12
3826,657.0
USAK,13.67
300229,9.88
BID,0.97
1717,12.08
MGRC,78.53
000923,26.72
073490A,47050.0
3360,5890.0
LB,33.33
EXV4,86.84
GPRK,16.65
ASUR,7.87
1762,2086.0
1337,8.88
215,1.32
TIP,7.02
1F3,0.22
2515,8.96
002870,21.71
ARAV,7.02
XTN,82.03
ET,7.72
002353,44.01
GNE,3.42
6366,426.0
000750,4.75
603939,92.55
AQUA,0.48
XLY,0.365
060560A,930.0
159936,2.02
VTC,90.96
000595,1.92
MTL,10.0
8841,783.0
8113,4441.0
NTML,65.52
002469,6.6
257,4.57
2193,305.0
AVEM,67.59
DAI,65.84
002392,4.43
300435,11.69
200488,5.78
2610,12.05
CFX,44.89
3360,8.18
002123,17.44
00757,49.0
603586,14.67
AGL,0.87
000589,7.75
CLI,14.96
CAL,15.56
000564,1.83
SOHO,3.68
9099,1787.0
IMOM,35.57
1514,24.35
000023,16.66
AVNS,44.47
HPI,3.0
TREX,91.16
1541,3950.0
PAR,85.01
ANA,134.4
SCHO,635.0
002373,16.8
IVC,11.28
002436,8.95
002544,13.52
007540A,51600.0
DTF,14.22
002510,4.23
LEONIA,103.892
515130,1.535
BC,90.6
45,7.82
LPI,36.92
123700A,3945.0
300381,9.91
002946,19.85
713,0.94
2309,1651.0
002079,8.72
MC,52.99
TUB,1.39
4819,4110.0
002648,42.62
002067,4.12
DSY,174.9
CNP,14.63
MUR,16.23
500696,2178.0
EXPR,2.31
002580,5.48
000514,3.47
300117,3.56
300218,10.69
ZEO,35.11
6135,3965.0
002439,29.16
SMOG,165.68
CEF,24.17
FP,38.975
300493,6.45
300426,6.33
600318,8.24
159996,1.378
IEFA,72.29
300491,13.29
PRCL,5.14
006205,40.57
ATRY,9.26
2160,1886.0
002230,51.21
12,33.75
002045,9.0
300516,26.37
TH,2.01
1569,2334.0
TCS,2948.1
002759,17.95
ALB,39.6
300469,10.71
6379,1170.0
1219,20.0
1968,2646.0
NICE,0.215
NRP,17.39
2009,1.59
300097,8.89
3547,2016.0
BBUS,71.5
HGT,3.25
002317,8.52
000410,3.54
002891,50.79
GJF,202.0
2352,1694.0
300584,19.1
ARI,13.03
8028,54.0
1055,5.73
600120,5.69
300856,53.19
GDOT,49.8
1898,886.0
002864,23.22
MFT,67.9
000928,4.94
1313,9.38
419,0.6
002505,2.54
SBO,56.7
RYB,3.33
CTEK,2.4
3451,124600.0
H,27.18
002881,18.27
002831,31.31
DAX,31.26
PCI,1.035
8342,2450.0
SIBN,31.7
1609,20.0
5288,131.0
MDP,7.6
BIOF,7.38
300520,17.08
CYB,51.8
CEM,8.22
VYM,96.94
VET,57.6
GROW,7.24
1966,899.0
006280A,366000.0
LTC,41.32
300565,14.1
GGG,0.15
8491,0.092
1726,656.0
API,1.115
PPT,31.81
300295,10.44
CIB,0.234
002039,14.14
000948,9.2
2454,940.0
1448,811.0
2231,3.09
1877,72.15
SML,4.28
CLS,10.61
065680A,25600.0
1138,3.38
300535,13.22
000156,8.62
RSLV,1.13
SYNC,2.57
1711,538.0
1600,7.17
NENTB,383.8
GSF,1.04
1283,1.56
WHA,13.52
334890A,4875.0
GDI,1.07
ASPN,23.8
000042,8.8
ABIO,40.5
000913,23.38
AGM,0.39
187420A,7700.0
SHV,110.52
AOJ P,688.0
1134,1.92
002005,1.13
BETSB,68.1
002244,4.62
000402,6.1
SU,26.34
9928,6.59
2104,26.1
002546,3.76
SAVP,0.193
300527,8.33
300315,5.84
WAF,138.9
300340,10.34
EQT,0.01955
CSGP,866.98
2605,19.5
2374,901.0
1963,1371.0
002239,3.6
ICAD,17.19
002420,4.47
300073,49.1
HLF,45.54
1088,14.88
300041,14.04
TAH,4.48
002387,10.0
AFG,2.8
3040,1751.0
002686,5.32
PSDTC,29.68
2151,1230.0
7226,1568.0
300132,18.22
002120,17.54
PSHG,6.36
NVG,2.832
ECL,830.0
002248,5.05
FFWD,0.12875
AIRASIA,0.905
7638,1203.0
039490A,131500.0
2718,0.79
ADP,107.5
1133,2.24
2380,1.74
002521,6.21
ALVTX,4.02
SFST,43.79
U96,1.66
002570,5.08
MRDS,1.19
NWSA,23.43
SFL,0.948
ONEM,54.29
BLDN,1.595
TRP,55.89
002698,13.63
1591,17320.0
603773,25.28
6541,5330.0
3692,2099.0
KOF,36.75
002198,5.26
1104,21.65
000789,13.79
WRTC,5.6
300228,5.91
A3M,3.36
TEN,541.0
MN,0.71
2163,871.0
EPP,51.66
300608,11.49
ATOM,31.14
002833,51.8
159997,1.243
002282,10.48
2886,29.3
AFI,3.89
STOR,34.15
LLB,50.5
601166,25.71
6098,67.0
1918,30.15
BPT,1.645
BCE,10.075
151910A,6710.0
NEA,2.38
RCL,24.3
1458,9.2
300035,11.19
IVR,3.82
600178,6.48
000019,6.68
NQP,14.02
2186,5.28
VLT,13.68
CCC,29.1
002527,5.61
300182,3.4
1821,457.0
DESN,202.0
002415,56.06
DIC,14.74
002153,36.97
MDKA,2680.0
DRV,8.3601
300139,9.5
1604,26.8
002866,13.97
300224,13.39
4571,325.0
3979,3355.0
LB,51.08
012330A,310000.0
ACI,16.25
002902,11.77
LTI,1352.5
HRI,22.15
1919,8.81
1719,776.0
BATT,17.33
300170,7.39
300465,8.99
168,67.65
300101,16.52
ARCH,56.51
PWOD,23.95
ACR,12.35
4043,2716.0
ALPEKA,17.94
300445,12.17
002691,3.98
000752,3.85
688078,24.47
DELL,80.56
1447,464.0
HPR,10.57
AMS,2.335
TERRA 13,27.72
SDY,0.654
IRE,2.098
000050,15.78
6235,2606.0
2460,26.7
ETLK,11.158
CBG,135.5
INL,40.47
AITX,0.1455
ASC,4.12
002478,4.12
CCOR,27.92
WEW,31.91
1257,3.35
AIR,42.0
KIMBERA,33.6
SAGA,3.77
BB,13.08
510150,10.054
GCAP,0.905
002488,8.06
694,6.23
PHO,112.8
CRN,1.215
1443,322.0
300322,11.18
002398,8.25
ITMR,2.548
2148,1822.0
CSX,91.69
BBN,24.83
600247,0.65
300113,15.1
LINK,47.0
SPXS,34.54
VIGI,83.9
000663,4.2
2472,81.0
2664,2892.0
KAR,1.14
002369,4.97
2209,2471.0
002127,11.31
002178,2.91
FLDR,50.9
300503,12.38
002188,2.64
MTRX,73.67
1568,27.4
300578,34.34
GEAR,23.28
000850,3.81
1413,2113.0
002204,3.62
002516,3.27
ARGT,30.38
044380A,973.0
603876,12.57
PSR,91.4136
3421,1408.0
CARA,34.8
TNG,2.48
002339,6.01
CHDRAUIB,29.4
300215,6.03
1737,32.9
SBIO,52.11
ULH,24.21
VNO,42.85
002466,46.89
002376,10.09
SOL,29.6
1304,21.65
NATO,535.0
SPYD,51.92
035600A,18150.0
FNM,193.6
TCP,25.94
VIS,1.41
HBLK,22.91
ORI,20.22
8154,2332.0
VCTR,75.65
000710,41.61
034810A,11600.0
9685,695.0
300542,12.23
VIVO,0.21
ABT,8.2
VOLT,46.875
GSRAY,4.09
1671,1230.0
F3C,28.6
000686,8.94
6869,10.52
7741,12415.0
002988,14.05
002666,4.79
169101,2.566
300205,8.12
8341,1439.0
300213,6.53
SUN,5.05
165,10.16
CRI,21.85
CRBN,155.67
KOLD,32.72
VNT,33.25
RTX,73.99
SPALI,20.0
300570,14.64
GCB,2.66
CON,1260.0
009290A,8660.0
AI,129.3
002813,24.14
4767,307.0
1326,85.9
300108,3.13
3580,982.0
GLW,37.65
VER,64.45
AVA,0.57
002485,4.41
000680,4.18
BCC,8900.0
NAFTRAC ISHRS,45.24
002474,5.23
NPF,1.45
TFBANK,114.0
2001,1614.0
TSKB,1.74
BLL,86.51
RMM,17.81
INRN,3025.0
4766,161.0
3543,1945.0
002917,8.94
AMA,0.68
ADDT B,120.0
002602,6.47
NH,450.15
2436,47.75
002886,24.51
SKX,37.41
COGT,8.39
CMCSA,53.34
PRO,0.2335
UJO,0.00169
2461,396.0
PINK,3.7
300480,15.65
300494,12.58
1409,13.95
038110A,2050.0
HOME,24.35
MTH,82.31
GNRS,10.38
002738,27.7
GLDD,15.25
2491,3010.0
2871,2778.0
HLF,12.0
EQT,237.4
000598,5.03
BOL,339.0
RDFN,90.7
054410A,7060.0
PKI,38.54
200429,4.44
ECH,32.63
002603,23.24
VIS,178.43
OMI,25.43
KBA,49.59
GCEH,0.4375
AUB,37.57
031820A,1465.0
DATA,11.9
CTIC,3.2
TGR,0.915
PORT,0.909
002827,11.19
HRC,106.56
COR,118.73
267,6.71
EELV,23.04
000958,4.13
3005,51.1
4967,10460.0
002385,10.12
300221,7.88
ABG,121.1
3309,85400.0
AUB,0.74
KNX,43.38
1885,2272.0
MSGE,96.25
2317,1878.0
2552,5.05
CPG,14.935
300403,6.18
PRF,143.61
BG,77.41
AMOT,17.7
603167,8.86
002476,3.88
NH,4.17
SPG,2.28
TXG,15.62
002926,10.23
4837,308.0
KWM,3.64
BEN,27.07
NTGR,10.35
CSB,57.2954
000157,13.72
300589,24.32
THG,117.01
INOX,0.64
EA,63.75
8923,1012.0
W,0.21
FCRD,4.01
ESE,105.83
BEM,8.0
002584,5.55
9911,5.77
MRIN,2.12
002237,13.11
PD,29.45
ALTHX,10.5
VRS,0.44
CSL,148.36
SPG,27.27
300210,4.09
MGP,33.22
2351,88.3
300024,12.06
INFO,89.46
10,19.66
TRSY,112.37
7309,24310.0
FXC,102.265
SDP,6.47
EV,73.51
159805,1.079
1141,0.173
014940A,2630.0
ICEAIR,1.49
1798,1.73
002270,5.02
REAL,24.825
FKRAFT,64.0
1252,6.25
300513,9.27
2302,21.2
300095,9.62
COE,24.88
GOOD,18.94
FINTEC,0.07
300442,45.23
GPM,6.87
007660A,3385.0
2308,294.0
AAL,20.66
SOT.UN,4.31
SBS,117.2
SMH,242.23
BOL,4.03
1926,1628.0
DBAW,32.3
2478,85.9
3481,16.6
002583,5.71
NDA,76.43
MTC,3.44
SAXG,0.406
ABT,120.8
300009,15.23
300109,10.81
603192,23.43
1895,1.82
2838,10.65
8522,2881.0
9887,3720.0
SPR,43.35
AAG,14.7
002842,10.62
S0596,14.1
002606,6.45
002730,14.2
BNTAS,4.99
FOCUSP,0.895
SMBK,21.43
002361,5.04
FCC,9.88
002453,5.51
AC,35.11
ALAFCO,0.199
COLB,46.52
AAA,50.08
4426,27.7
DLOC,0.0485
002409,59.16
2593,6130.0
AH,19.3
BSX,0.49
NGU,54.8
603016,28.49
MRK,137.0
002382,22.82
300140,5.89
002797,8.05
054780A,14050.0
8960,150700.0
300098,3.31
000759,5.61
NG,11.38
2609,27.9
VOLT,2.98
300573,103.22
PYR,10.18
AYLA,18.17
ARG,86.4
011040A,9500.0
ROBO,86.64
2134,48.0
000544,6.26
009540A,109000.0
SWM,46.14
NEM,53.0
BLD,5.11
2323,8.33
TDTT,26.29
ALX,5.67
SIM,755.0
4935,104.0
1436,1222.0
CTS,31.24
300181,6.03
9945,41.45
600222,5.37
2501,2283.0
QUAL,118.62
9755,1259.0
300378,26.01
00677U,3.35
000540,2.87
SUES,6.2475
3480,3365.0
RMRM,12.24
1316,10.58
1503,49.6
TRAXIONA,25.82
TNET,83.83
FLOW,34.4
HAS,91.38
002379,2.98
2030,13.95
ARL,22.32
002615,4.08
PFC,30.28
000590,7.67
002978,50.54
SKIN,46.2
270,13.28
SEYKM,40.48
MLTM,876.0
X,18.14
2233,94.7
300475,11.93
16,121.0
000708,31.51
PSTI,6.48
BSE,13.9
2768,3.0
8150,1955.0
TLRD,3.652
054540A,4850.0
AUTO,3.73
DHG,4.5
300168,19.11
3323,11.94
002049,111.76
300270,5.25
1476,2030.0
300375,3.99
002223,28.85
099320A,64900.0
033660A,10400.0
006206,41.47
CWEB,92.19
CPX,0.1065
FREIGHT,1.28
002318,13.04
1171,7.1
000516,10.93
2415,44.0
1361,1.75
BBY,115.5
EUN1,32.465
1999,18.9
3632,576.0
1952,2180.0
LNZ,118.4
WM,109.92
2680,0.68
2247,239.0
300620,37.1
000802,5.84
ITP,0.88
300360,8.31
3541,604.0
MHRIL,231.1
NID,13.85
2450,33.0
ING,3.69
2497,1290.0
300079,4.08
PFD,0.92
1701,22.7
002692,2.79
MTU,1.475
SNN,22.0
RDI,7.23
CPS,36.53
HIK,24.17
MOGU,2.4
3962,3225.0
2521,1344.0
000801,5.59
SNG,31.55
SJNK,27.23
PAAL B,266.5
AIR,0.7
MOL,38.5
002991,83.2
BKW,18.74
CHR,4.04
ROLL,194.8
300174,16.74
2449,39.0
NX,24.68
TZA,4.53
8137,0.57
000931,7.7
RENE,1.125
300556,18.18
RGLD,106.91
STLC,23.72
EITA,0.96
KSM.F69,26.24
300324,3.52
002375,8.63
MGU,20.86
002727,42.18
HEU,13.867
EKT,56.0
109740A,6520.0
BCI,32049.0
SO,11.3
CASS,4.584
ECRP,0.0345
2178,433.0
IBDM,24.88
603871,21.21
300587,13.94
VIE,52.89
ARTNA,38.08
002816,21.99
AT1,5.984
SPK,4.66
PPS,0.825
2207,1513.0
300621,8.02
006340A,1440.0
000636,31.82
600201,21.83
EOS,4.79
017510A,4290.0
ITIC,161.0
BA,212.12
2594,2146.0
CFX,9.33
002628,3.65
3001,1415.0
500055,46.5
CPF,22.63
AGCO,126.11
1941,2194.0
MEGACPO,73.3
002141,2.3
1325,77.8
GLO,2.1
STM,32.71
FRU,6.99
159960,1.086
TWM,15.26
NUAG,6.46
ECF,15.02
MN,7.55
DFS,95.3
BIOA.B,92.75
L,50.45
ESI,1.19
FREN,69.0
600113,6.07
3393,2.6
ALV,90.32
9934,2607.0
002550,3.88
TPW,8.21
BRWM,6.0
1597,111.0
3680,600.0
2587,3740.0
002194,13.04
2198,3.36
ZUMZ,46.78
500670,257.25
SHIP,0.451
ELF,812.0
SMIN,15.22
533179,1661.2
FCL,70.45
SCR,37.66
MOH,225.14
MTC,66.0
AGM,83.41
1579,115.0
539978,736.75
BRNA,1.705
APLLTD,882.6
189,5.53
000553,8.65
2542,44.55
000333,95.02
BOOM,64.69
HBB,50.02
HCG,32.22
2715,971.0
1366,1085.0
VEON,1.76
ITD,1.11
BKN,16.88
HON,205.04
2377,156.0
2060,895.0
510850,3.873
SMT,4.0
FIZZ,48.39
5243,66.0
00665L,28.41
1979,2905.0
002418,1.59
NTES,120.25
600960,3.61
ACE,3.64
6563,1061.0
WWW,35.85
005740A,9020.0
TNP,4.22
WDIV,16.27
AEF,1.17
PCAR,93.33
GDPMQ,10.65
ALPHA,3.52
2878,0.385
3543,30.9
LND,0.315
ALTR,6.18
SBER,269.79
002795,12.27
FRE,35.43
IBREALEST,83.15
000619,5.63
000938,21.91
III,3.66
002503,1.79
120030A,108500.0
002810,54.94
ZPLA,347.5
00830,27.01
THD,178200.0
IWL,92.9872
000732,3.25
1299,101.4
MNOV,5.72
000678,4.72
002770,1.82
3320,1277.0
300029,4.93
HUM,1.08
2492,271.5
CENX,13.71
BBCA,33625.0
SRG,19.05
GPK,16.02
ODL,21.1
002042,4.86
1716,1323.0
VRTA11,116.0
002635,15.56
002207,5.59
000837,6.94
JMIA,48.71
300436,37.45
002788,7.48
J,116.23
6277,6300.0
MCY,6.14
SHC,15.446
COLL,25.05
1071,2.1
CEN,6.77
GLD,169.12
4551,3080.0
2002,1748.0
SZU,13.28
ACA,65.29
AR,8.92
TPE,25.15
300230,4.34
ASA,20.26
300484,12.26
3048,23.6
097950A,408500.0
002073,4.35
1165,0.245
IDEX,3.035
6592,81.6
5985,477.0
2855,20.7
AI,0.121
1547,4410.0
2884,25.35
CLNKB,296.5
1313,17.7
PNL,3.51
002786,5.99
105840A,3880.0
159806,2.018
2048,6.8
AGR,0.765
7874,1311.0
2305,2104.0
9008,8340.0
1102,43.0
CHG,2.6
300346,31.05
TDEX,0.225
GROW,8.52
002053,7.01
ETX,0.2335
1728,0.85
TIP,28.75
000885,9.34
2633,30.65
LLY,202.48
605199,19.6
002262,14.44
603368,21.53
VLY,12.54
2398,923.0
LMAT,47.19
REC,17.5
6282,29.3
002054,10.94
TKG,41.52
ITM,27.55
003350A,36600.0
300069,13.89
AUCHAH,72.3
CHNG,23.21
1672,3.06
BCO,80.86
THC,51.3
DUST,83.7
002965,32.52
9995,500.0
2702,5230.0
300291,4.85
8630,4089.0
300160,6.85
PHR,0.125
EGCO,170.5
300450,83.3
1482,2389.0
VAC,12.35
ROK,245.41
FFC,22.05
FTEK,3.74
002363,5.5
PKO,25.79
2439,136.0
DOM,115.75
300038,2.7
000981,2.22
000404,4.25
CWK,34.9
159813,1.168
CWK,17.1
PEO,14.03
CGO,16.18
FLS,254.0
BAR,20.51
000613,4.04
PVR,1393.25
ROBO,66.9
REG,1.97
2059,319.5
GCO,46.95
LOUP,59.59
000655,7.5
8114,1797.0
300130,9.8
2915,1958.0
TTSH,6.41
600481,4.62
002440,11.2
SW,21.87
3918,1264.0
002693,3.82
CAPC,1.81
NEA,14.32
300626,7.62
CTC,169.53
SECTB,671.0
EVR,5.648
000829,5.96
IHC,38.18
PSN,39.79
AGH,0.53
IOO,65.25
000005,2.14
NEXT,2.19
NEU,393.9
2706,1460.0
102,0.9
BIB,95.64
3148,3345.0
CAT,220.18
002031,1.76
535,1.11
BHQ,1.65
002591,5.19
6504,169.5
ESPO,45.055
300479,11.07
TEUM,0.536
SPB,80.94
TRP,0.0039
NRC,17.16
2777,9.95
300332,4.57
TRN,32.19
ANP,0.17
6862,66.7
6201,9330.0
2233,1.27
000632,3.41
603887,15.95
1568,22670.0
SYF,0.335
AN,76.99
SFY,60.68
DIB,20.05
IXJ,75.98
159993,1.156
300034,28.5
EA,141.17
000786,47.94
002587,4.44
510360,1.835
HEAL,10.545
1910,14.6
001979,12.61
300312,5.44
CFA,1.088
MEDCL,11.8
8150,37.0
MDF,14.2
TASCO,20.7
SAP,103.22
006050A,2670.0
AMOT,48.49
PLAN,77.54
1971,4.42
VEC,56.75
002475,47.6
300225,23.92
SYIADKK,274.3
CLIG,4.82
291,62.2
VLID3,8.13
002637,13.7
3656,873.0
XCAD,64.435
00635U,24.4
TGI,14.49
ARD,0.073
068790A,8400.0
ACE,41.15
VIH1,29.7
HPI,19.08
2319,44.45
2327,612.0
002462,13.68
3036,1572.0
6340,3395.0
ABT,19.02
3048,1183.0
3031,16.05
LOV,6.33
002958,4.63
LCTX,2.57
002348,1.93
IG,26.5112
002465,9.38
000780,3.81
CTVA,46.43
9969,19.48
2229,2892.0
688055,6.99
HELX,46.93
EMBRAC B,231.5
SIC,9.08
1552,5290.0
300359,5.91
6620,1054.0
ALNOX,0.457
8410,241.0
000546,7.18
CHUC,0.0082
2925,3460.0
002712,4.41
CPSI,30.26
TBIO,22.9
DVYE,39.2
MDLZ,54.8
300304,4.73
9433,3375.0
2357,300.5
OLT,170.0
000550,22.38
7717,5590.0
ILF,28.12
300580,18.19
002216,27.23
6605,61.1
2406,21.7
DNB,23.64
AEF,6.45
SNGS,33.59
3645,963.0
BCPT,0.1198
2354,698.0
6504,4530.0
002778,22.23
CEL,12.8
SCHP,53.2
002019,21.28
ZUH,73.78
ORA,12.79
600800,5.35
300351,9.06
KINDSDB,130.8
2612,33.45
300595,107.79
MNST,88.32
GSY,50.56
2138,7.6
300554,17.65
GHLSYS,1.73
002748,5.63
603595,22.27
1561,2.35
GLUU,12.55
300496,125.98
002515,4.87
300194,4.39
HTHT,57.24
300358,12.04
PFG,2.882
PL,11.03
300404,11.01
2505,37.0
CEMEX CPO,13.29
002734,14.03
2388,52.0
FNX,92.44
COKE,262.21
CARA,19.69
1227,56.6
688399,169.25
000151,7.53
TFI,1.39
KIE,0.872
300329,6.17
6235,22.3
300353,7.04
603499,7.81
SRE,0.577
2586,271.0
500040,483.25
9990,630.0
300413,67.12
3305,40.0
CLF,18.06
CLI,2.205
AST,43.4
002973,22.22
CLEBI,170.1
8011,753.0
SALTBTUB.,4.82
TSE,2.44
STRLNG,18.56
1589,4.45
000812,4.16
000697,8.6
AGK,8.17
3591,2242.0
VGI,6.7
1477,213.0
4406,271.0
000421,5.21
002076,1.91
002173,5.91
101060A,1950.0
002893,6.97
600836,4.9
2296,743.0
159902,4.929
002961,22.5
00673R,19.16
2301,60.0
300562,17.9
CCL,13.38
8035,45030.0
HUSA,2.26
002470,1.38
300336,3.08
SRP,3.01
GCI,5.45
002916,115.88
178,2.11
AH,0.75
3576,14.05
PIN,24.34
2823,22.75
CHN,33.39
1951,19.0
300452,16.04
002716,2.47
1611,13.2
4282,1160.0
2503,2102.5
002036,10.85
ALIGLO,113.45
603888,19.62
1879,843.0
7236,1805.0
601933,7.44
8032,3600.0
6618,809.0
ETEL,11.57
AMLM,0.52
OIH,0.239
6078,1891.0
6158,4.76
002258,28.01
MMIT,26.705
6196,4515.0
CSR,70.9
3319,32.25
002371,194.6
LIFE,5.85
ALTA,141.0
PSH,36.35
JLG,3.41
020560A,15000.0
232,0.149
002287,24.33
HRI,84.74
000688,9.43
2002,2.06
DXCM,406.78
EVN,18.14
ISEC,408.85
BKT,0.15
000959,4.03
XLV,113.95
3141,3565.0
002413,6.45
253590A,3595.0
1756,2.81
010770A,3585.0
HSTM,23.36
9979,3.03
BLD,201.31
2516,944.0
6230,218.5
TBS,207.75
2378,1274.0
ALCAR,31.75
DOW,5.21
CSGN,13.25
AFG,111.43
000702,5.1
SLP,73.19
FTREIT,11.0
GWX,37.2
EUR,13.15
603556,12.94
CWEB,6.59
1332,512.0
AAGF.F,1.075
SRT,8.07
000809,1.81
002541,47.5
AP,7.72
INRM,14.83
1810,26.85
2778,4.63
143240A,30650.0
VLGEA,22.85
ARCE,36.5
002203,9.13
AVRO,11.09
MIDD,137.13
PSG,2.548
HAL,1064.2
BLA,25.5
601999,5.74
002104,6.27
PROTCT,73.1
WAF,0.81
300464,14.12
DIB,4.76
SLS,7.95
QLGN,3.55
CRN,0.792
TKA,6.37
ENR,43.9
002012,6.29
002346,10.03
2500,72.0
3888,57.4
000519,9.29
CLN,48.2
066670A,4290.0
2212,1869.0
CSBGU0,163.1
NPAUU,16.4
002630,2.07
BA,7.55
PTIN,27.76
002569,8.7
000883,3.61
300561,15.27
002027,10.89
002858,13.68
159955,1.638
104480A,2915.0
1760,6.7
300338,5.91
8016,280.0
053700A,7210.0
1475,1939.0
RIT1,15.21
MNP,3.73
002632,6.42
838,0.74
201872,7.23
300472,9.3
300065,10.87
002447,2.04
MARK,4.26
ILCO,741.8
RDI,0.907
002122,1.88
002364,8.45
268600A,118500.0
1229,42.05
ILC,26.74
1428,2.11
HXT,42.05
2413,25.1
510330,5.425
8083,3.4
001914,18.34
BAT,2.58
603551,12.38
300610,17.06
000876,25.47
9503,1076.5
AQST,5.27
300459,3.89
FUTU,167.19
ALD,12.5
LAT1V,13.8
JOUT,125.21
4696,366.0
BOLSAA,43.21
ATIF,1.45
000676,5.36
DOO,42.5996
KIDO,104.5
3454,963.0
MS,2.318
SW,82.6
002556,9.47
1558,151.5
GCO,30.85
300081,8.39
1312,23.65
603348,24.02
3319,1141.0
002610,2.6
1847,2108.0
002101,6.35
PVL,8.45
1333,2.28
DOL,47.21
PPL,112.55
300252,7.57
300344,4.37
002634,6.41
000797,2.95
KRG,19.01
NKTX,53.89
2764,181.0
SARS.MRG,0.01725
300777,48.41
ACE,16.47
JSMD,66.6595
CIM,11.47
2729,1705.0
1458,19550.0
RM,1.042
159915,2.904
KBC,61.2
CVAL,12.094
KAR,14.87
002234,16.2
2880,18.2
6088,3.01
1057,1.76
PRZMA,5.19
IGR,7.3
OMAB,124.32
TLX,3.91
PHO,48.61
2374,15.55
8541,994.0
3380,11.32
POS,14.96
002117,8.36
MMIT,1.115
GUD,5.22
MCDOWELL-N,546.6
5201,3985.0
300382,8.33
ATA,28.99
GTS,23.94
BOILERM,0.985
SPI,8.36
002649,9.58
RBOD,8.545
ACES,1630.0
IPXJ,50.54
558,1.24
MIDU,52.5
7972,363.0
VEDL,204.55
000622,3.58
600360,6.84
LCII,152.17
300136,34.18
TCL.A,20.23
3025,28.3
3672,438.0
6670,918.0
LATO B,193.4
002479,5.27
BSL,82.2
3032,48.0
002183,4.27
III,4.84
1593,3.06
AMATA,17.4
DOM,3.174
MESTRON,0.24
4755,1157.0
BIG,64.95
002808,7.22
2975,1199.0
ERES,1.591
SF,93.95
IPH,5.93
300273,5.12
HEC,10.9
000768,32.15
159928,5.398
MAN,98.15
V,212.11
4958,1881.0
2206,32.25
BPAN4,13.41
003850A,20450.0
000415,2.28
AFIF,9.7313
002908,13.51
ERF,74.99
3186,1738.0
KEY,20.75
046970A,1530.0
ALVR,38.82
CR,85.87
000558,2.98
ETH,4.73
002263,2.82
GNS,52.4
2337,350.0
130660A,4800.0
AYEN,7.99
MXF,13.37
8282,1476.0
300154,5.33
000910,13.75
300222,8.29
XAR,1.28
1662,2253.0
8186,211.0
APPS,82.0
002593,3.5
CDR,258.2
1499,0.82
GCARSOA1,50.86
RBRP11,95.28
VISTIN,23.5
NVG,16.17
6999,1472.0
QADB,66.55
CYBR,157.51
2408,96.6
1488,2047.0
AMS,1.02
NYT,52.57
1328,4870.0
WGO,71.82
ASL,13.42
1308,21.8
PG,3.11
000711,2.73
002088,15.11
159931,1.869
MUS,12.93
WELL,8.92
FTK,90.4
4008,3940.0
6958,4.16
GLTR,6.64
1256,359.0
ETX,21.68
1628,2.8
300021,4.93
002647,8.62
300173,5.9
002551,5.51
EIDO,23.81
5388,73.1
002933,29.18
SINT,2.12
000630,3.05
2384,2433.0
ALPP,6.09
688311,81.75
600182,14.45
2537,9.21
SCHA,100.03
ARB,35.48
300397,15.86
YAR,427.0
2191,277.0
GRNV,10.21
2027,30.35
8037,1183.0
300276,3.44
S61,2.97
002095,13.42
MIC,30.81
PHM,109.1
9936,2.55
3443,478.5
002617,7.76
PLSE,32.21
3937,3000.0
2834,245.4
HTY,6.02
1098,10.32
LSF,2.15
2B7B,6.409
000039,14.74
235,0.166
GCAP,2.24
BLMN,25.54
FTEK,44.685
CGXF,12.0
140410A,146500.0
HPQ,1.34
300618,96.8
2333,22.25
SQ,256.59
002268,16.95
SG,12.5
1663,1438.0
002315,18.64
CLSN,2.61
6564,4250.0
HLS,18.41
136,12.38
IEM,4.64
002907,11.55
300269,3.76
000875,4.34
002038,9.42
MNDRS,3.88
KTB,43.94
1890,5.42
MX,49.85
LNK,4.73
CPLP,9.76
DOO,91.35
2868,1.29
PLC,27300.0
JHSC,33.7399
KN,21.31
XME,38.37
2737,3945.0
000815,4.99
603713,126.1
5711,2540.0
MENA,4.14
2379,478.0
CASH,0.773
601086,3.9
1711,16.6
OBAB,0.374
BAP,164.08
IGN,66.15
CODI,22.91
BEC,1.57
300363,43.91
RMNI,7.52
BATT,17.434
002718,15.42
002284,5.27
ENRG,119.0
002029,5.37
1297,1.56
016250A,50000.0
8103,37.75
002581,11.21
002674,11.42
510310,2.466
TELA,15.53
3865,509.0
SGP,4.53
JTIASA,0.8
1934,793.0
RFV,84.2194
000835,1.72
159801,1.248
002169,6.67
SMT,48.56
300231,7.84
8346,213.0
NWG,151.0
BTO,6.11
6213,141.5
2282,4655.0
300134,10.06
002511,22.97
STMH,0.9001
096870A,4355.0
159957,1.84
300133,6.57
300559,13.38
1569,1.49
2308,1.38
300116,2.11
1338,65.8
002006,6.78
1942,880.0
000690,6.28
300167,4.18
002344,3.75
002966,7.98
4237,373.0
IAF,112.97
LIT,2.24
002072,4.07
PROG,5.56
AKER,706.5
000576,10.2
2B7D,5.311
MSP,13.8
COST,342.15
EFX,171.87
1914,496.0
600010,1.41
CDM,0.93
1962,1.58
FLT,279.85
MAKTK,4.44
002643,20.14
000906,6.63
,285.75
LGND,141.18
DIVB,35.3872
300085,16.59
001450A,21250.0
1904,31.5
STGT,38.75
000060,5.05
SFY,14.23
SIOE,26.9
KTB,11.8
RPM,81.56
000088,5.74
CWX,7.76
LYSSL,3.76
DOC,17.81
300005,6.95
1316,12.4
002193,5.71
603790,10.31
000408,8.45
C5S,10.584
2322,1.04
2168,1864.0
SGMO,12.33
6197,38.1
BMY,2.75
2170,549.0
ACC,1730.65
QIWI,10.99
002805,14.61
LI,18.625
AT,0.14
AVGYO,3.15
ASHS,37.34
002319,7.98
8160,2462.0
1899,2.13
WORK,42.42
ALVER,0.63
ASL,121.5
6198,343.0
LGEN,2.743
2465,26.0
ALBA,0.00315
PHNX,7.21
1467,18.5
PKO,29.76
2372,1873.0
TG,15.08
2280,1.25
CONCOR,581.35
IMM,0.36
AIR,1.575
2498,28.75
DMP,58.96
KL,44.83
1928,2073.5
002041,18.91
603214,22.54
1611,21.1
DUOT,6.18
ABG,7.98
6859,1811.0
AYI,126.36
CVLY,16.83
3563,288.0
IAG,66.95
002857,11.65
FFA,13.8
160980A,19850.0
002111,16.66
SUBC,87.5
AFLT,111.841
1973,1810.0
BSL,14.85
515860,1.435
INSP,220.5
002524,11.44
600865,7.71
300078,7.58
002987,44.1
MUX,1.19
OYLUM,4.69
EI,136.95
002506,3.59
2385,553.0
GGG,69.23
CARE,302.0
002798,21.79
SBIO,56.3847
2869,8.07
300184,3.84
MGTX,15.52
2359,1510.0
3023,265.0
LIDFA,4.24
1735,3.67
002548,7.77
000949,4.74
NEMAKA,6.15
IVACC,69.1
FDP,28.15
C5E,76.7
BIZIM,14.22
THBR,10.86
002247,1.86
6141,1601.0
BCOM,5.677
000503,7.59
600663,10.62
600581,3.65
998,3.68
1029,0.26
8153,3140.0
1288,2.88
688580,122.0
300190,7.05
WBND,27.36
FLU,30.25
LPG,13.1
COWI,0.0014
3836,1358.0
002126,12.02
ASHR,43.37
RMS,937.8
300176,6.84
1115,0.99
SHB,16000.0
002435,4.35
UEIC,58.85
FC,13.77
001965,6.96
4114,5750.0
002605,25.03
BOO,3.395
EBND,27.33
002267,6.29
BCHN,128.03
002159,11.99
RS,135.54
POUL,3.4
1525,6.16
ACOR,6.14
000068,2.81
300504,15.34
DANGSUGAR,18.2
300583,19.43
1969,1601.0
600297,2.6
JKK,325.29
ASB,9.74
002598,6.19
POLR,6.6
BDT,8.62
6113,1287.0
2006,35.35
002428,11.71
DSY,145.91
BILL,171.95
BV,16.51
2881,50.0
CLIQ,7.4
000609,3.8
SONG,1.155
2484,2850.0
FGR,86.5
000950,5.16
002358,3.56
002052,1.33
300006,6.78
IMM,0.0855
272,1.18
659,8.86
EXL,0.22
SOL,14.34
MIK,14.75
002915,16.85
CEMTS,15.41
IHWL,41.51
1359,1.54
000502,6.24
ALT,2.76
EVK,3.7
300052,8.31
2153,996.0
TP05,3.5775
CYB,27.55
300597,8.98
002065,7.78
002372,19.04
002253,12.69
002697,6.38
8137,1018.0
YDUQ3,31.68
300260,14.25
300155,6.51
SLP,1.145
000848,6.41
2520,36.05
002921,18.51
002708,6.03
300206,18.88
300399,13.15
SAP,43.38
6201,51.8
BKI,1.465
PDM,0.305
000531,8.36
546,1.12
263700A,9150.0
043910A,1330.0
CLP,0.0265
CCC,21.38
PLTM,12.22
603500,12.09
SRP,1.292
PSK,42.59
2326,10210.0
300025,3.68
601218,4.45
002760,17.67
PPH,14.97
SUOE,5.277
LGBS,0.0043
MRL,6.9
EBND,11.23
002154,3.32
ABR,1.74
002962,15.14
002559,5.48
BVS,2.7
300131,7.91
6869,11360.0
6141,33.7
CIA,6.1
VTH,1.01
BFIN,9.65
PHP,1.526
3738,27.5
2760,3720.0
002350,5.29
JEMI,1.48
TIT,0.4148
1720,37.0
2354,70.6
300266,3.16
300233,27.45
1347,49.9
BRN,3.37
RHP,1.72
000548,3.82
2883,8.9
8591,1801.0
TRG,0.246
300636,25.03
1105,1.0
GNTY,31.36
2103,26.7
ULVM,59.3312
3662,1181.0
RET,65.0
00690,31.55
150900A,7900.0
300279,5.06
SHIP,1.29
000973,4.08
ENZ,3.01
2600,3.54
CHN,4.32
300319,7.97
DPW,41.82
002290,5.91
3708,152.0
600422,8.29
VONE.N0000,55.3
TCBI,78.2
EWBC,71.35
2357,5.55
042660A,25650.0
BUDZ,1.05
6598,54.6
2353,26.95
SOI,172.7
QRVO,172.22
000506,2.26
AUTO,2.77
WNC,17.16
002083,4.17
8131,1226.0
AMXL,13.52
TCP,30.58
9919,1132.0
002713,7.17
TRP,0.552
SNT,246.69
002599,3.77
300387,7.36
2971,129400.0
7840,947.0
VAIGLOA,194.45
000718,4.57
1666,5.45
GDX,35.89
OOMA,15.7
RUN,60.33
SGP,11.0
NWL,24.06
300563,25.96
EXR,126.5
PLAT,47.71
1301,100.0
002756,44.55
PIHLIS,10.9
2451,65.4
BLKB,71.81
2402,17.55
TPW,10.28
1997,47.6
IGO,7.13
IVE,95.69
MDC,57.43
3673,45.1
CIR,0.4945
TNK,13.0
XEC,32.705
EXH9,36.295
WASEONG,0.725
002502,2.81
300292,3.42
MGV,91.29
SCHP,253.6
000666,7.42
000997,15.0
GL,96.17
040420A,6120.0
603233,88.91
002157,17.67
TMV,73.15
1457,15.2
002272,4.71
HEI,132.37
FORW,0.72
300094,3.85
1909,5.8
300254,5.73
CLG,18.7
BAB,32.63
DEN,57.25
002701,5.09
EFL,9.23
300044,5.41
2362,29.75
000620,2.15
AVANCE,34.0
SLS,7.25
SF,61.55
000799,141.68
VLUE,96.94
TPE,2.524
1773,105.5
TECH,101.49
KWBT,0.0435
GRID,1.12
002821,267.55
3988,2.76
PGH,3.25
LIFE,4.65
002955,19.31
3491,2539.0
BLX,15.51
PEY,5.94
7412,945.0
300308,48.97
TH,3.71
300048,4.73
000551,7.88
ADM,30.91
002037,6.48
SLGN,38.58
NEU,725.0
4544,3340.0
002745,13.29
002681,5.34
EVT,24.38
1883,1981.0
241,26.9
7182,1020.0
002876,57.92
002558,17.05
BRC,52.73
PTM,4.64
SXLV,33.1875
ABRA,0.49
EXL,20.3
FMF,46.9598
FIV,9.26
CTK,4.93
2393,44.9
SC,2.86
159967,0.667
000782,3.29
SCHN,36.89
FLOW,60.3
1980,2745.0
ANAB,26.7
8056,3095.0
8303,1535.0
CPSH,18.84
SEM,26.3
TIP,125.93
2397,705.0
2CRSI,7.05
CCA,114.81
000061,6.05
300262,3.48
ASM,224.7
3985,886.0
300700,16.4
579,0.071
002918,35.94
002836,8.69
300072,6.55
300607,43.2
000790,4.35
300343,3.13
CLS,245.12
STX,0.305
001696,7.03
IBM,120.71
SMCI,32.64
ACME,0.24
HLDX,48.15
OSK,109.62
8586,2896.0
IPL,44.15
1929,11.2
KLR,7.8
1108,7.68
300290,5.22
CERAMIC B,43.07
002545,8.32
3918,10.6
S92,53.85
SPXS,727.91
1476,446.0
G,40.27
300196,19.65
HEIO,74.45
IBCP,21.1
VINCIT,8.76
002659,4.3
1896,17.36
PRI,15.74
002225,4.33
002320A,44950.0
300197,3.18
2321,152.0
3454,90.0
300178,3.53
ETH,24.93
4719,3575.0
ORA,3.02
2734,583.0
BKLC,73.3793
2897,6.9
002939,11.24
1658,5.85
SRT,398.0
000066,17.16
1795,76.0
4746,52.7
300159,3.09
A50,0.109
KDP,31.79
SPK,19.75
9301,3450.0
093230A,403.0
002512,3.44
COF,122.54
300388,7.97
300622,15.66
CREI,0.93
5989,757.0
MYF,13.78
300487,42.21
FIVE,190.21
2332,24.95
IEL,26.66
002829,37.62
4438,113.0
1618,2.16
SYF,38.48
SUM,12.95
3992,656.0
300866,149.72
MFIN,6.8
KIB,0.198
000800,11.47
EVT,31.5
PEY,11.175
MEL,5.5
PLW,36.25
ADT,2.25
COH,9.7
IRIS,0.37
300396,21.34
002482,2.71
ZIL2,13.94
000411,13.37
000591,6.83
CTM,0.9
COST,0.638
600556,12.4
2347,48.3
IEM,70.0
1113,45.95
2168,18.4
6332,1267.0
HINT,1.53
BML,8.7
CFG,44.45
500408,2696.0
605388,18.3
GETI.B,216.8
ACC,43.39
SPL,2.14
VRT,21.7
ASB,20.31
002903,13.01
1903,52.4
7931,1677.0
6406,2558.0
00861,27.5
BFIT,28.5
BXB,9.97
3050,1087.0
BE,0.347
ALKIM,18.05
SAFE,8.255
688579,12.66
002552,11.79
300246,24.7
002210A,12800.0
SAFE,0.152
002119,9.55
000059,6.15
1191,0.04
IVE,135.74
300550,18.25
1709,14.6
PLUS,18.81
1445,13.6
021650A,4045.0
2438,1032.0
000902,20.85
MHG,212.1
300307,7.8
SOLARA,1370.55
300135,2.6
TW.,1.666
057030A,6550.0
PCT,1.56
CGM,23.2
1970,16.84
002497,19.37
ACES,82.98
4120,1582.0
000970,10.14
002242,30.62
RIV,17.34
HEP,29.31
2356,8.11
002549,6.45
3998,4245.0
182,0.56
2342,38.6
CML,51.52
002968,61.51
002823,10.0
300298,36.74
003780A,3965.0
ENEA,228.0
2101,42.4
THRM,0.445
CDL,50.9801
300406,22.92
1196,6.59
TAUG,0.1254
006208,78.3
NSL,5.46
HSML11,93.85
UMW,2.87
AEL,11.71
EPHE,30.31
002596,5.32
2678,12.04
3050,18.3
SENS,58.3
PHAR,0.21
IBND,37.12
002171,8.1
300454,274.9
215790A,2290.0
CBG,15.73
XSPA,1.95
EFX,8.55
082740A,6670.0
AHC,4.7
MMMW,0.18
IP,38.68
KSL,1.015
EGEEN,1511.0
BOSS,30.94
300311,5.59
000573,2.68
300628,81.14
HEAR,32.0
049830A,8650.0
007460A,1825.0
1839,6.95
300212,26.63
1282,0.315
FLOT,100.62
LMND,129.28
6005,14.15
159807,1.613
007700A,139500.0
002595,27.68
BAT,0.032
JMT,12.93
AST,1.665
19,57.25
159804,1.073
002588,5.87
000409,4.18
NVLG,2.878
300284,5.9
001360A,7540.0
PRO,48.36
PTK,1.19
GPOR,0.083
TOM,389.2
CAT,1.705
1608,2.31
4800,1000.0
11B,570.0
BWG,0.49
2324,21.9
SLF,11.59
603700,24.39
CEL,0.35
PGEN,8.27
WES,50.38
BE,28.3
RAMCOIND,253.5
002627,5.42
2638,7.67
CORE,31.73
TWTR,73.17
ACAD,81.8
IGM,364.7
TRUBB,2.14
SEM,26.83
SOXX,418.66
FIE,7.17
HCC,25.36
MIN,3.79
002060,2.97
300376,7.51
WPP,8.726
5915,2069.0
2303,3150.0
300045,8.94
NHC,67.0
216080A,19700.0
002425,9.15
2121,2708.0
6881,306.0
2692,5230.0
TRN,5.195
BAP,7.13
SAVE,38.34
300588,7.48
BXX,2.0085
STANLY,180.0
ALEC,17.35
115480A,2110.0
HERO,34.12
SRE,0.933
RPD,77.73
6416,121.0
AEL,28.04
FLOT,50.85
510630,5.91
1820,2604.0
7955,506.0
IGD,3.865
JSE,117.01
7821,2927.0
1435,175.0
SCPE,10.42
BJRI,53.32
2330,107.0
CPF,28.75
IMPN,29.94
APAM,47.36
AC,34.52
AIM,2.26
8848,136.0
BTO,35.52
3669,80.6
AX1,2.36
6668,1371.0
002538,6.18
11,149.1
ASB,2.21
EL,13.95
7187,809.0
300418,23.4
CPG,4.99
2929,3080.0
BBPO11,112.85
688298,126.49
PDSB,4.71
000677,2.77
MG,108.17
AEGN,25.88
002542,2.72
STE,173.27
GRA,61.03
002448,5.19
DHY,2.39
1966,3.09
1815,1937.0
HEAL,4050.0
SBCF,36.56
TCH.F63,21.35
AGS,8.04
002334,4.71
002226,7.1
HYG,87.44
NEXT,6.59
000567,8.78
6586,4605.0
600990,45.0
AMS,1789.96
SDS,11.43
AVI,70.94
3665,300.5
002922,12.57
000862,4.14
FFN,6.56
002243,10.0
558,8.2
CBON,23.98
BOVB11,115.34
002124,18.83
2880,0.82
002396,21.2
UTI,6.23
002642,4.21
000520,3.03
002885,11.99
SESL,39.55
SA,23.3
300373,41.88
9904,399.0
EPIA,185.2
6069,6.5
300377,8.72
IGL,1.3
2477,5640.0
300497,12.86
AAZ,1.5
TECN,20.85
1727,3.08
002456,11.06
MX,18.65
000929,6.93
XIC,29.22
VACC,81.3
ACWF,35.68
1216,69.1
AHC,2.19
7337,649.0
2157,571.0
FUSN,11.72
PNC,173.22
IXR,0.05
002046,7.79
SO,140.2
TFG,5.1
AGYS,59.16
285,43.65
3771,1799.0
000650,6.03
000547,20.87
00692,34.07
3814,1069.0
032640A,12050.0
BEST,2.45
3677,1017.0
000635,8.96
RSG,0.665
ARI,288.01
501078,1.887
300042,12.86
002328,4.71
2146,3280.0
SHL,32.86
2352,29.25
1037,0.72
CR,0.99
USD,121.03
1893,782.0
000419,4.35
002578,3.73
KPROJ,0.171
TMV,45.04
002737,13.19
3031,2181.0
002762,4.8
9037,3195.0
WLLW,1.58
300249,6.76
300271,18.89
300392,8.17
UAN,24.39
002221,13.21
000731,4.74
AAV,2.68
SHR,2.94
SCR,28.28
085910A,3860.0
KGHDF,31.12
000909,7.2
O32,1.65
MCS,19.5
000820,1.24
6055,1421.0
ATM,11.13
PHR,65.5
000566,6.27
532483,161.45
300738,37.91
300003,32.05
SMB,18.04
ALG,158.99
PMO,13.2
002347,3.84
300461,23.67
AMC,7.7
300601,154.42
003070A,20250.0
AWX,3.99
300330,8.59
TSG,0.94
6197,1456.0
MTN,71.47
1447,8.7
1835,2631.0
VOD,1.255
000423,38.49
1034,1.53
00739,29.46
002514,3.55
AB,36.19
600869,3.42
XUHC,47.19
IGWD,69.48
DIGIA,7.62
002061,5.35
MTL,1.86
300093,9.23
002812,107.9
ARYN,0.8005
002600,10.56
ZI,53.43
NWG,1.8655
00783,22.33
2395,368.5
VGI,12.02
002457,7.48
002176,6.01
QSC,2.225
603385,11.63
094280A,20000.0
000416,4.53
IAG,1.889
ALL,3.3
XELAU,2.2
DAL,16.78
300471,10.27
RENE,2.27
532960,358.15
1870,845.0
173130A,3990.0
MRIN,13.38
000955,6.51
300541,15.4
8850,2875.0
000813,3.9
012790A,13900.0
002743,7.07
002679,9.94
002623,37.89
002399,19.72
1883,2.56
002888,14.34
688099,97.0
RSI,5.26
002308,4.51
ANGL,26.9
00875,30.9
MXI,86.34
300301,3.88
9939,16.7
000027,5.98
EDF,8.75
300183,14.05
RBCAA,42.78
REC,42.87
AFX,12.8
300165,4.33
000665,3.84
MMS,83.71
SNG,1.68
STAF,0.944
IJJ,97.2
2809,2380.0
00717,16.45
002856,12.42
FR,24.3
603533,37.65
000810,7.55
TOKMAN,18.1
1882,27.9
1907,4.68
6445,785.0
3683,1963.0
ARX,7.9
DNB,168.45
000518,4.24
002868,11.46
000738,21.75
1708,4.59
WSM,128.6
1887,557.0
002890,20.39
PPT,4.74
002468,10.66
6166,811.0
4212,1996.0
SEE,0.101
000582,9.99
TRU,49.81
002003,6.61
002567,8.51
002085,5.88
LH,7.8
BKW,103.2
600780,3.2
FLOT,25.09
4739,3310.0
000767,3.02
EDU,182.56
300164,3.88
MGRC,1.27
BKT,5.494
FCBP,19.96
000735,8.57
BBN,5.37
300227,10.98
4676,1324.0
2866,1.26
000755,3.13
108490A,16550.0
HARP,17.94
HOLX,75.5
ELO,5.22
239610A,41550.0
GHC,620.0
1888,13.22
1508,0.88
EDR,4.9
000729,6.79
600596,12.32
TSCO,165.2
F03,0.93
1972,3000.0
DUNI,99.3
300051,4.55
000969,6.76
1800,3.87
PRN,29.68
ATR,5.16
000559,4.87
FEX,78.5036
MDF,1.126
4967,52.8
002956,30.4
ASIAPLY,0.315
IAT,3.875
MRL,8.635
BIOPOR,6.18
PFD,17.48
AXLA,5.92
2371,3425.0
TGP,0.685
GERM,38.91
2602,3185.0
002832,17.15
ECOM,23.93
1913,45.55
MBK,223.6
000032,23.29
002943,15.57
BMY,60.72
603013,13.32
ACI,8.7
SCIB,4.0
000401,15.55
LCWL,9.9025
SEM,12.02
002982,65.76
FTNT,168.77
AEF,8.98
8125,1.06
6024,38.2
2305,8.89
STORY.B,217.0
1502,5.26
002799,19.78
TAALA,8.3
KRC,63.41
BWX,4.14
195870A,33000.0
TPZ,14.75
002612,31.0
1981,7.2
002855,9.95
JSE,0.77
6592,4790.0
SOL,15.3
000957,6.76
300040,6.45
2788,259.0
MRC,2.545
X,123.85
300127,16.58
IMPC,27.1
8037,1.69
FARO,91.5
002938,43.03
SAR,23.32
000983,5.24
000791,4.2
TIG,17.0
YUM,104.65
G5EN,515.5
ERG,24.88
PWB,69.02
300328,7.81
ALIF B,171.0
H24,17.634
000681,13.76
PPBT,1.727
BATRA,29.39
074610A,3990.0
002008,45.94
POST,98.56
PEN,280.61
3396,11.74
ITIC,630.0
ACHV,12.2
POS,0.074
2331,46.5
6958,427.0
5009,1270.0
300337,5.44
6409,1469.0
FRA,12.88
CCX,4.05
000571,2.24
272110A,12850.0
ROCK B,2166.0
UTDI,37.43
2792,1018.0
COL,15.99
9511,1458.0
RMM,0.0034
242,2.58
ANTE,3.75
000016,6.2
SIG,3.957
FN,44.69
2540,1923.0
300619,18.52
CWIEMMKL,394.7
2930,610.0
300300,4.34
VOLV B,221.5
WARM,0.0313
BEN,11.64
CATY,40.05
1101,42.55
GLO,2.1
002717,3.05
TLG,25.72
RHBBANK,5.3
8544,437.0
2454,921.0
YRCW,6.18
3653,324.5
VCT,21.5
SMT,12.13
RY4C,16.99
300237,2.68
BGH,15.52
002464,2.96
1813,10.22
S,1.7
1407,2834.615384
7494,355.0
2906,15.95
002929,24.02
002407,21.19
MMT,16.44
NTZ,11.5967
CF,46.75
300257,16.08
2001,4.75
000006,5.21
2877,5.64
002433,3.53
API,73.23
SAPPE,24.8
AWC,1.67
300434,7.78
THRG,7.78
000498,5.76
ROBIT,5.14
2370,65.0
002824,15.16
7421,1534.0
1249,11.96
002365,9.6
NAN,14.05
000631,3.42
300489,25.52
MARK,2.96
LEU,25.44
BRG,163.4
REC,11.92
6444,438.0
SHP,139.95
ELD,33.75
000823,9.93
FBU,6.4
DEV,0.268
000995,20.95
7851,270.0
RF,62.9
008930A,62900.0
000966,3.53
603178,8.71
ATS,24.9
002097,8.3
AGT,8.89
1732,26.5
SPI,1.48
159991,0.597
002026,9.76
H,86.42
PURA,108.0
CF,11.7
RM,32.26
MBCN,22.93
094426466,5550.0
3837,2676.0
2511,1003.0
QFBQ,1.769
IP,50.17
300089,5.46
QUS,34.7
000089,8.27
002571,11.09
KDS,5.4
002657,11.68
PPL,27.48
3004,1398.0
ALIMTIAZ,0.111
ZNWD,0.1075
1319,36.4
ESSA,15.66
9513,1739.0
300219,9.09
000627,4.08
